STATION,STATION_NAME,DATE,EMXP,MXSD,TPCP,TSNW,EMXT,EMNT,MMXT,MMNT,MNTM
GHCND:CA006157012,RICHMOND HILL CA,19590601,109,-9999,200,0,328,56,250,136,193
GHCND:CA006157012,RICHMOND HILL CA,19590701,119,-9999,415,0,317,106,277,147,212
GHCND:CA006157012,RICHMOND HILL CA,19590801,198,-9999,808,0,339,72,282,176,229
GHCND:CA006157012,RICHMOND HILL CA,19590901,269,-9999,930,0,339,-6,227,123,175
GHCND:CA006157012,RICHMOND HILL CA,19591001,244,-9999,678,0,256,-28,122,51,87
GHCND:CA006157012,RICHMOND HILL CA,19591101,178,-9999,739,147,189,-117,47,-23,12
GHCND:CA006157012,RICHMOND HILL CA,19591201,305,-9999,874,190,72,-167,2,-52,-25
GHCND:CA006157012,RICHMOND HILL CA,19600101,191,-9999,737,414,22,-200,-27,-88,-58
GHCND:CA006157012,RICHMOND HILL CA,19600201,203,-9999,629,395,50,-178,-17,-83,-50
GHCND:CA006157012,RICHMOND HILL CA,19600301,89,-9999,330,269,94,-172,-22,-104,-63
GHCND:CA006157012,RICHMOND HILL CA,19600401,236,-9999,725,42,278,-67,116,21,69
GHCND:CA006157012,RICHMOND HILL CA,19600501,368,-9999,1303,0,239,-22,173,84,128
GHCND:CA006157012,RICHMOND HILL CA,19600601,137,-9999,652,0,283,50,230,115,173
GHCND:CA006157012,RICHMOND HILL CA,19600701,312,-9999,579,0,306,83,252,137,194
GHCND:CA006157012,RICHMOND HILL CA,19600801,401,-9999,838,0,306,78,251,134,192
GHCND:CA006157012,RICHMOND HILL CA,19600901,38,-9999,92,0,322,33,221,114,168
GHCND:CA006157012,RICHMOND HILL CA,19601001,160,-9999,637,8,244,-33,145,40,92
GHCND:CA006157012,RICHMOND HILL CA,19601101,241,-9999,574,16,150,-61,85,7,46
GHCND:CA006157012,RICHMOND HILL CA,19601201,51,-9999,162,157,122,-228,-26,-101,-63
GHCND:CA006157012,RICHMOND HILL CA,19610101,30,-9999,81,81,50,-244,-51,-130,-91
GHCND:CA006157012,RICHMOND HILL CA,19610201,168,-9999,659,148,106,-250,4,-76,-36
GHCND:CA006157012,RICHMOND HILL CA,19610301,127,-9999,609,496,161,-172,29,-43,-7
GHCND:CA006157012,RICHMOND HILL CA,19610401,254,-9999,1039,303,178,-39,76,5,40
GHCND:CA006157012,RICHMOND HILL CA,19610501,188,-9999,514,3,267,-22,165,55,110
GHCND:CA006157012,RICHMOND HILL CA,19610601,224,-9999,821,0,311,67,227,116,171
GHCND:CA006157012,RICHMOND HILL CA,19610701,130,-9999,624,0,311,72,256,150,203
GHCND:CA006157012,RICHMOND HILL CA,19610801,99,-9999,418,0,328,83,252,146,199
GHCND:CA006157012,RICHMOND HILL CA,19610901,127,-9999,393,0,311,22,242,135,188
GHCND:CA006157012,RICHMOND HILL CA,19611001,41,-9999,114,0,244,-17,169,59,114
GHCND:CA006157012,RICHMOND HILL CA,19611101,241,-9999,535,29,233,-72,68,-12,28
GHCND:CA006157012,RICHMOND HILL CA,19611201,165,-9999,420,163,122,-172,-2,-66,-34
GHCND:CA006157012,RICHMOND HILL CA,19620101,163,-9999,634,291,33,-239,-44,-122,-83
GHCND:CA006157012,RICHMOND HILL CA,19620201,152,-9999,681,553,67,-244,-38,-126,-82
GHCND:CA006157012,RICHMOND HILL CA,19620301,119,-9999,155,89,206,-211,29,-45,-8
GHCND:CA006157012,RICHMOND HILL CA,19620401,69,-9999,316,51,289,-67,119,10,65
GHCND:CA006157012,RICHMOND HILL CA,19620501,191,-9999,435,0,322,6,214,96,155
GHCND:CA006157012,RICHMOND HILL CA,19620601,213,-9999,671,0,300,50,238,128,183
GHCND:CA006157012,RICHMOND HILL CA,19620701,211,-9999,596,0,317,106,247,138,192
GHCND:CA006157012,RICHMOND HILL CA,19620801,157,-9999,273,0,306,83,255,139,197
GHCND:CA006157012,RICHMOND HILL CA,19620901,333,-9999,888,0,311,33,187,99,143
GHCND:CA006157012,RICHMOND HILL CA,19621001,229,-9999,1129,216,256,-50,138,55,97
GHCND:CA006157012,RICHMOND HILL CA,19621101,462,-9999,787,51,128,-78,59,-18,21
GHCND:CA006157012,RICHMOND HILL CA,19621201,241,-9999,531,249,133,-250,-15,-86,-51
GHCND:CA006157012,RICHMOND HILL CA,19630101,91,-9999,235,235,22,-244,-60,-124,-92
GHCND:CA006157012,RICHMOND HILL CA,19630201,41,-9999,234,209,39,-244,-54,-146,-100
GHCND:CA006157012,RICHMOND HILL CA,19630301,137,-9999,710,209,200,-189,41,-52,-5
GHCND:CA006157012,RICHMOND HILL CA,19630401,170,-9999,649,146,211,-56,118,5,62
GHCND:CA006157012,RICHMOND HILL CA,19630501,198,-9999,937,0,256,-33,167,55,111
GHCND:CA006157012,RICHMOND HILL CA,19630601,28,-9999,82,0,328,56,248,123,186
GHCND:CA006157012,RICHMOND HILL CA,19630701,231,-9999,584,0,344,67,264,150,207
GHCND:CA006157012,RICHMOND HILL CA,19630801,259,-9999,854,0,294,67,233,128,181
GHCND:CA006157012,RICHMOND HILL CA,19630901,330,-9999,610,0,256,-6,189,73,131
GHCND:CA006157012,RICHMOND HILL CA,19631001,147,-9999,150,0,272,-17,199,60,130
GHCND:CA006157012,RICHMOND HILL CA,19631101,193,-9999,688,33,156,-72,87,26,56
GHCND:CA006157012,RICHMOND HILL CA,19631201,142,-9999,705,649,61,-233,-43,-120,-81
GHCND:CA006157012,RICHMOND HILL CA,19640101,201,-9999,719,246,67,-233,-9,-79,-44
GHCND:CA006157012,RICHMOND HILL CA,19640201,157,-9999,295,283,61,-200,-17,-105,-61
GHCND:CA006157012,RICHMOND HILL CA,19640301,178,-9999,746,289,178,-144,26,-52,-13
GHCND:CA006157012,RICHMOND HILL CA,19640401,130,-9999,563,46,267,-111,103,7,55
GHCND:CA006157012,RICHMOND HILL CA,19640501,284,-9999,568,0,311,17,205,83,144
GHCND:CA006157012,RICHMOND HILL CA,19640601,102,-9999,314,0,344,6,235,112,174
GHCND:CA006157012,RICHMOND HILL CA,19640701,518,-9999,1032,0,333,111,268,164,216
GHCND:CA006157012,RICHMOND HILL CA,19640801,516,-9999,1516,0,289,72,223,120,172
GHCND:CA006157012,RICHMOND HILL CA,19640901,20,-9999,98,0,311,6,199,94,147
GHCND:CA006157012,RICHMOND HILL CA,19641001,178,-9999,408,13,239,-67,137,26,81
GHCND:CA006157012,RICHMOND HILL CA,19641101,107,-9999,395,165,172,-106,76,-3,37
GHCND:CA006157012,RICHMOND HILL CA,19641201,254,-9999,651,211,106,-167,-2,-67,-35
GHCND:CA006157012,RICHMOND HILL CA,19650101,188,-9999,676,419,106,-250,-36,-113,-75
GHCND:CA006157012,RICHMOND HILL CA,19650201,262,-9999,866,464,106,-183,-20,-103,-61
GHCND:CA006157012,RICHMOND HILL CA,19650301,86,-9999,367,362,72,-144,4,-60,-28
GHCND:CA006157012,RICHMOND HILL CA,19650401,112,-9999,425,102,189,-89,86,-4,41
GHCND:CA006157012,RICHMOND HILL CA,19650501,64,-9999,313,0,300,-6,202,75,138
GHCND:CA006157012,RICHMOND HILL CA,19650601,295,-9999,345,0,322,28,233,108,171
GHCND:CA006157012,RICHMOND HILL CA,19650701,246,-9999,688,0,306,78,239,121,181
GHCND:CA006157012,RICHMOND HILL CA,19650801,142,-9999,574,0,339,39,241,131,186
GHCND:CA006157012,RICHMOND HILL CA,19650901,208,-9999,857,0,294,-33,202,114,158
GHCND:CA006157012,RICHMOND HILL CA,19651001,307,-9999,1194,18,206,-78,119,34,77
GHCND:CA006157012,RICHMOND HILL CA,19651101,277,-9999,956,178,189,-72,57,-12,23
GHCND:CA006157012,RICHMOND HILL CA,19651201,191,-9999,689,199,128,-150,20,-42,-11
GHCND:CA006157012,RICHMOND HILL CA,19660101,109,-9999,510,477,67,-228,-38,-119,-78
GHCND:CA006157012,RICHMOND HILL CA,19660201,160,-9999,403,167,72,-233,-17,-89,-53
GHCND:CA006157012,RICHMOND HILL CA,19660301,130,-9999,628,266,183,-128,45,-36,5
GHCND:CA006157012,RICHMOND HILL CA,19660401,58,-9999,400,167,194,-39,92,5,49
GHCND:CA006157012,RICHMOND HILL CA,19660501,150,-9999,543,28,272,-56,155,37,96
GHCND:CA006157012,RICHMOND HILL CA,19660601,300,-9999,580,0,333,44,248,128,188
GHCND:CA006157012,RICHMOND HILL CA,19660701,198,-9999,347,0,350,106,282,155,219
GHCND:CA006157012,RICHMOND HILL CA,19660801,196,-9999,797,0,311,94,251,140,195
GHCND:CA006157012,RICHMOND HILL CA,19660901,213,-9999,667,0,283,6,194,91,143
GHCND:CA006157012,RICHMOND HILL CA,19661001,79,-9999,235,0,222,-61,134,32,83
GHCND:CA006157012,RICHMOND HILL CA,19661101,221,-9999,1230,135,156,-100,74,4,39
GHCND:CA006157012,RICHMOND HILL CA,19661201,257,-9999,884,176,172,-172,1,-68,-34
GHCND:CA006157012,RICHMOND HILL CA,19670101,206,-9999,691,508,133,-200,2,-71,-34
GHCND:CA006157012,RICHMOND HILL CA,19670201,132,-9999,490,358,56,-278,-46,-139,-92
GHCND:CA006157012,RICHMOND HILL CA,19670301,119,-9999,223,218,189,-228,20,-64,-22
GHCND:CA006157012,RICHMOND HILL CA,19670401,234,-9999,717,23,200,-72,111,10,61
GHCND:CA006157012,RICHMOND HILL CA,19670501,160,-9999,519,13,211,-33,140,38,89
GHCND:CA006157012,RICHMOND HILL CA,19670601,427,-9999,1693,0,317,100,255,141,198
GHCND:CA006157012,RICHMOND HILL CA,19670701,351,-9999,793,0,289,83,247,143,195
GHCND:CA006157012,RICHMOND HILL CA,19670801,490,-9999,988,0,283,72,236,134,185
GHCND:CA006157012,RICHMOND HILL CA,19670901,307,-9999,754,0,272,0,204,90,147
GHCND:CA006157012,RICHMOND HILL CA,19671001,340,-9999,899,0,256,-22,128,44,86
GHCND:CA006157012,RICHMOND HILL CA,19671101,175,-9999,722,191,144,-139,40,-21,9
GHCND:CA006157012,RICHMOND HILL CA,19671201,249,-9999,691,195,144,-150,8,-55,-23
GHCND:CA006157012,RICHMOND HILL CA,19680101,462,-9999,996,577,33,-267,-54,-126,-90
GHCND:CA006157012,RICHMOND HILL CA,19680201,264,-9999,534,255,72,-239,-45,-123,-84
GHCND:CA006157012,RICHMOND HILL CA,19680301,185,-9999,626,269,194,-167,50,-44,3
GHCND:CA006157012,RICHMOND HILL CA,19680401,132,-9999,488,23,256,-78,137,22,80
GHCND:CA006157012,RICHMOND HILL CA,19680501,226,-9999,858,0,211,0,150,62,106
GHCND:CA006157012,RICHMOND HILL CA,19680601,290,-9999,682,0,322,50,227,117,172
GHCND:CA006157012,RICHMOND HILL CA,19680701,163,-9999,511,0,339,44,265,141,203
GHCND:CA006157012,RICHMOND HILL CA,19680801,378,-9999,734,0,311,78,252,139,196
GHCND:CA006157012,RICHMOND HILL CA,19680901,445,-9999,817,0,267,61,217,122,169
GHCND:CA006157012,RICHMOND HILL CA,19681001,147,-9999,437,0,256,-28,152,54,103
GHCND:CA006157012,RICHMOND HILL CA,19681101,396,-9999,1033,260,139,-50,53,-5,24
GHCND:CA006157012,RICHMOND HILL CA,19681201,213,-9999,928,631,94,-222,-19,-83,-51
GHCND:CA006157012,RICHMOND HILL CA,19690101,132,-9999,716,347,61,-217,-24,-100,-62
GHCND:CA006157012,RICHMOND HILL CA,19690201,104,-9999,193,193,39,-161,-11,-81,-46
GHCND:CA006157012,RICHMOND HILL CA,19690301,137,-9999,404,105,122,-161,16,-63,-24
GHCND:CA006157012,RICHMOND HILL CA,19690401,216,-9999,1004,0,244,-89,123,17,70
GHCND:CA006157012,RICHMOND HILL CA,19690501,361,-9999,815,0,322,0,182,62,122
GHCND:CA006157012,RICHMOND HILL CA,19690601,165,-9999,740,0,322,56,221,111,166
GHCND:CA006157012,RICHMOND HILL CA,19690701,196,-9999,696,0,333,72,262,146,204
GHCND:CA006157012,RICHMOND HILL CA,19690801,361,-9999,554,0,322,67,273,149,211
GHCND:CA006157012,RICHMOND HILL CA,19690901,30,-9999,119,0,306,33,216,107,161
GHCND:CA006157012,RICHMOND HILL CA,19691001,163,-9999,551,137,233,-67,131,40,85
GHCND:CA006157012,RICHMOND HILL CA,19691101,300,-9999,880,85,144,-94,62,3,32
GHCND:CA006157012,RICHMOND HILL CA,19691201,216,-9999,623,430,39,-206,-30,-89,-59
GHCND:CA006157012,RICHMOND HILL CA,19700101,160,-9999,610,554,67,-250,-62,-147,-105
GHCND:CA006157012,RICHMOND HILL CA,19700201,64,-9999,349,305,61,-267,-24,-118,-71
GHCND:CA006157012,RICHMOND HILL CA,19700301,147,-9999,493,247,78,-144,15,-65,-25
GHCND:CA006157012,RICHMOND HILL CA,19700401,188,-9999,850,97,250,-83,126,15,70
GHCND:CA006157012,RICHMOND HILL CA,19700501,201,-9999,674,0,283,-6,181,72,127
GHCND:CA006157012,RICHMOND HILL CA,19700601,163,-9999,313,0,317,50,240,121,181
GHCND:CA006157012,RICHMOND HILL CA,19700701,249,-9999,974,0,317,61,265,155,210
GHCND:CA006157012,RICHMOND HILL CA,19700801,213,-9999,848,0,311,94,260,145,203
GHCND:CA006157012,RICHMOND HILL CA,19700901,203,-9999,682,0,294,39,202,112,157
GHCND:CA006157012,RICHMOND HILL CA,19701001,145,-9999,725,3,233,-33,145,63,104
GHCND:CA006157012,RICHMOND HILL CA,19701101,109,-9999,505,87,133,-100,70,12,41
GHCND:CA006157012,RICHMOND HILL CA,19701201,196,-9999,890,668,144,-183,-23,-83,-53
GHCND:CA006157012,RICHMOND HILL CA,19710101,165,-9999,586,521,50,-228,-52,-135,-94
GHCND:CA006157012,RICHMOND HILL CA,19710201,218,-9999,810,288,67,-261,-13,-87,-50
GHCND:CA006157012,RICHMOND HILL CA,19710301,124,-9999,328,301,117,-150,6,-71,-33
GHCND:CA006157012,RICHMOND HILL CA,19710501,165,-9999,379,0,289,0,185,61,123
GHCND:CA006157012,RICHMOND HILL CA,19710601,218,-9999,593,0,328,56,249,124,187
GHCND:CA006157012,RICHMOND HILL CA,19710701,879,-9999,1696,0,306,83,252,138,195
GHCND:CA006157012,RICHMOND HILL CA,19710801,475,-9999,1448,0,322,39,252,134,193
GHCND:CA006157012,RICHMOND HILL CA,19710901,119,-9999,384,0,306,33,223,125,174
GHCND:CA006157012,RICHMOND HILL CA,19711001,102,-9999,237,0,294,-6,180,80,130
GHCND:CA006157012,RICHMOND HILL CA,19711101,122,-9999,488,257,200,-122,57,-11,23
GHCND:CA006157012,RICHMOND HILL CA,19711201,152,-9999,954,317,144,-167,18,-54,-18
GHCND:CA006157012,RICHMOND HILL CA,19720101,104,-9999,434,327,61,-239,-16,-106,-61
GHCND:CA006157012,RICHMOND HILL CA,19720201,142,-9999,696,662,33,-239,-31,-122,-76
GHCND:CA006157012,RICHMOND HILL CA,19720301,239,-9999,1031,472,72,-178,-3,-78,-40
GHCND:CA006157012,RICHMOND HILL CA,19720401,168,-9999,632,142,206,-150,81,-15,33
GHCND:CA006157012,RICHMOND HILL CA,19720501,147,-9999,522,0,289,6,203,74,139
GHCND:CA006157012,RICHMOND HILL CA,19720601,165,-9999,697,0,283,33,214,112,163
GHCND:CA006157012,RICHMOND HILL CA,19720701,310,-9999,590,0,333,78,264,147,205
GHCND:CA006157012,RICHMOND HILL CA,19720801,518,-9999,1046,0,300,61,242,139,191
GHCND:CA006157012,RICHMOND HILL CA,19720901,262,-9999,684,0,278,22,211,111,161
GHCND:CA006157012,RICHMOND HILL CA,19721001,340,-9999,855,14,211,-67,110,20,65
GHCND:CA006157012,RICHMOND HILL CA,19721101,193,-9999,726,226,100,-94,36,-11,12
GHCND:CA006157012,RICHMOND HILL CA,19721201,325,-9999,1058,498,72,-156,-1,-62,-31
GHCND:CA006157012,RICHMOND HILL CA,19730101,79,-9999,348,99,106,-222,-13,-82,-47
GHCND:CA006157012,RICHMOND HILL CA,19730201,127,-9999,471,265,56,-233,-29,-120,-74
GHCND:CA006157012,RICHMOND HILL CA,19730301,257,-9999,1228,122,200,-89,72,-5,34
GHCND:CA006157012,RICHMOND HILL CA,19730401,183,-9999,647,53,250,-78,114,19,67
GHCND:CA006157012,RICHMOND HILL CA,19730501,155,-9999,956,0,228,0,159,67,113
GHCND:CA006157012,RICHMOND HILL CA,19730601,99,-9999,599,0,322,78,244,138,191
GHCND:CA006157012,RICHMOND HILL CA,19730701,254,-9999,449,0,328,94,271,152,212
GHCND:CA006157012,RICHMOND HILL CA,19730801,249,-9999,451,0,339,89,277,164,221
GHCND:CA006157012,RICHMOND HILL CA,19730901,117,-9999,359,0,344,-6,220,101,160
GHCND:CA006157012,RICHMOND HILL CA,19731001,152,-9999,960,0,222,-17,159,62,110
GHCND:CA006157012,RICHMOND HILL CA,19731101,180,-9999,896,90,150,-89,63,3,33
GHCND:CA006157012,RICHMOND HILL CA,19731201,142,-9999,903,542,133,-200,-15,-74,-45
GHCND:CA006157012,RICHMOND HILL CA,19740101,178,-9999,723,305,83,-217,-19,-99,-59
GHCND:CA006157012,RICHMOND HILL CA,19740201,124,-9999,503,305,72,-206,-37,-123,-80
GHCND:CA006157012,RICHMOND HILL CA,19740301,348,-9999,602,181,150,-172,23,-51,-14
GHCND:CA006157012,RICHMOND HILL CA,19740401,221,-9999,783,30,267,-72,130,19,74
GHCND:CA006157012,RICHMOND HILL CA,19740501,216,-9999,1035,13,278,-28,162,53,107
GHCND:CA006157012,RICHMOND HILL CA,19740601,193,-9999,1116,0,289,67,227,117,172
GHCND:CA006157012,RICHMOND HILL CA,19740701,79,-9999,286,0,333,100,265,149,207
GHCND:CA006157012,RICHMOND HILL CA,19740801,107,-9999,338,0,322,106,265,143,204
GHCND:CA006157012,RICHMOND HILL CA,19740901,145,-9999,585,0,289,-11,198,85,141
GHCND:CA006157012,RICHMOND HILL CA,19741001,109,-9999,380,11,228,-61,130,15,73
GHCND:CA006157012,RICHMOND HILL CA,19741101,272,-9999,822,138,228,-100,59,-1,29
GHCND:CA006157012,RICHMOND HILL CA,19741201,89,-9999,524,366,61,-139,14,-37,-12
GHCND:CA006157012,RICHMOND HILL CA,19750101,152,-9999,676,290,111,-233,1,-80,-39
GHCND:CA006157012,RICHMOND HILL CA,19750201,246,-9999,837,345,94,-161,-8,-72,-40
GHCND:CA006157012,RICHMOND HILL CA,19750301,119,-9999,707,292,100,-194,14,-62,-24
GHCND:CA006157012,RICHMOND HILL CA,19750401,297,-9999,727,343,178,-94,73,-17,28
GHCND:CA006157012,RICHMOND HILL CA,19750501,277,-9999,661,0,300,33,224,106,165
GHCND:CA006157012,RICHMOND HILL CA,19750601,244,-9999,546,0,317,56,244,135,190
GHCND:CA006157012,RICHMOND HILL CA,19750701,117,-9999,453,0,361,94,282,157,219
GHCND:CA006157012,RICHMOND HILL CA,19750801,338,-9999,693,0,361,83,264,151,207
GHCND:CA006157012,RICHMOND HILL CA,19750901,239,-9999,507,0,256,17,185,89,137
GHCND:CA006157012,RICHMOND HILL CA,19751001,86,-9999,274,0,222,-72,149,53,101
GHCND:CA006157012,RICHMOND HILL CA,19751101,140,-9999,595,82,200,-39,104,24,64
GHCND:CA006157012,RICHMOND HILL CA,19751201,152,-9999,814,590,139,-228,-13,-91,-52
GHCND:CA006157012,RICHMOND HILL CA,19760101,178,-9999,670,543,56,-311,-45,-144,-95
GHCND:CA006157012,RICHMOND HILL CA,19760201,315,-9999,615,285,128,-256,18,-70,-26
GHCND:CA006157012,RICHMOND HILL CA,19760301,211,-9999,1065,481,178,-156,47,-45,1
GHCND:CA006157012,RICHMOND HILL CA,19760401,239,-9999,615,242,289,-83,136,23,79
GHCND:CA006157012,RICHMOND HILL CA,19760501,315,-9999,979,15,239,0,163,59,111
GHCND:CA006157012,RICHMOND HILL CA,19760601,300,-9999,1145,0,317,67,253,140,196
GHCND:CA006157012,RICHMOND HILL CA,19760701,343,-9999,1384,0,311,100,241,146,193
GHCND:CA006157012,RICHMOND HILL CA,19760801,320,-9999,787,0,300,39,244,136,190
GHCND:CA006157012,RICHMOND HILL CA,19760901,157,-9999,609,0,289,11,198,93,145
GHCND:CA006157012,RICHMOND HILL CA,19761001,183,-9999,581,25,217,-67,104,19,61
GHCND:CA006157012,RICHMOND HILL CA,19761101,51,-9999,162,68,128,-111,38,-40,-1
GHCND:CA006157012,RICHMOND HILL CA,19761201,94,-9999,631,496,50,-217,-37,-125,-81
GHCND:CA006157012,RICHMOND HILL CA,19770101,142,-9999,723,720,-11,-278,-76,-153,-115
GHCND:CA006157012,RICHMOND HILL CA,19770201,79,-9999,317,103,56,-211,-20,-97,-58
GHCND:CA006157012,RICHMOND HILL CA,19770301,264,-9999,894,252,233,-111,70,-22,24
GHCND:CA006157012,RICHMOND HILL CA,19770401,140,-9999,597,59,265,-110,136,18,77
GHCND:CA006157012,RICHMOND HILL CA,19770501,470,-9999,660,0,310,-20,222,84,153
GHCND:CA006157012,RICHMOND HILL CA,19770601,230,-9999,881,0,295,25,227,112,169
GHCND:CA006157012,RICHMOND HILL CA,19770701,264,-9999,856,0,345,85,261,156,208
GHCND:CA006157012,RICHMOND HILL CA,19770801,164,-9999,1034,0,310,65,238,135,187
GHCND:CA006157012,RICHMOND HILL CA,19770901,343,-9999,1396,0,300,50,187,116,151
GHCND:CA006157012,RICHMOND HILL CA,19771001,324,-9999,719,0,185,-20,127,34,80
GHCND:CA006157012,RICHMOND HILL CA,19771101,368,-9999,1156,138,185,-138,68,8,38
GHCND:CA006157012,RICHMOND HILL CA,19771201,256,-9999,1204,764,110,-245,-17,-81,-49
GHCND:CA006157012,RICHMOND HILL CA,19780101,206,-9999,958,602,35,-205,-54,-129,-92
GHCND:CA006157012,RICHMOND HILL CA,19780201,42,-9999,208,208,10,-220,-51,-144,-97
GHCND:CA006157012,RICHMOND HILL CA,19780301,96,-9999,539,130,80,-175,9,-80,-36
GHCND:CA006157012,RICHMOND HILL CA,19780401,196,-9999,596,74,175,-65,91,-1,45
GHCND:CA006157012,RICHMOND HILL CA,19780501,228,-9999,872,0,305,-25,193,84,138
GHCND:CA006157012,RICHMOND HILL CA,19780601,162,-9999,301,0,325,35,237,111,174
GHCND:CA006157012,RICHMOND HILL CA,19780701,66,-9999,202,0,350,100,272,149,211
GHCND:CA006157012,RICHMOND HILL CA,19780801,322,-9999,984,0,325,80,263,144,203
GHCND:CA006157012,RICHMOND HILL CA,19780901,308,-9999,1021,0,290,20,198,98,148
GHCND:CA006157012,RICHMOND HILL CA,19781001,188,-9999,513,0,215,-40,128,34,81
GHCND:CA006157012,RICHMOND HILL CA,19781101,174,-9999,544,112,180,-120,69,-14,28
GHCND:CA006157012,RICHMOND HILL CA,19781201,186,-9999,713,390,80,-180,2,-68,-33
GHCND:CA006157012,RICHMOND HILL CA,19790101,308,-9999,913,529,20,-235,-50,-113,-82
GHCND:CA006157012,RICHMOND HILL CA,19790201,122,-9999,353,217,80,-290,-71,-156,-113
GHCND:CA006157012,RICHMOND HILL CA,19790301,174,-9999,586,36,170,-165,61,-32,15
GHCND:CA006157012,RICHMOND HILL CA,19790401,238,-9999,958,264,240,-70,101,10,55
GHCND:CA006157012,RICHMOND HILL CA,19790501,224,-9999,916,0,305,-15,178,66,122
GHCND:CA006157012,RICHMOND HILL CA,19790601,320,-9999,922,0,305,50,236,116,176
GHCND:CA006157012,RICHMOND HILL CA,19790701,254,-9999,498,0,310,85,266,150,208
GHCND:CA006157012,RICHMOND HILL CA,19790801,332,-9999,786,0,300,70,239,140,189
GHCND:CA006157012,RICHMOND HILL CA,19790901,243,-9999,559,0,290,-5,211,95,153
GHCND:CA006157012,RICHMOND HILL CA,19791001,210,-9999,1281,8,240,-40,118,45,82
GHCND:CA006157012,RICHMOND HILL CA,19791101,178,-9999,912,12,160,-90,71,0,36
GHCND:CA006157012,RICHMOND HILL CA,19791201,312,-9999,1016,362,125,-180,17,-53,-18
GHCND:CA006157012,RICHMOND HILL CA,19800101,228,-9999,468,128,100,-205,-20,-91,-55
GHCND:CA006157012,RICHMOND HILL CA,19800201,50,-9999,222,166,40,-260,-42,-119,-80
GHCND:CA006157012,RICHMOND HILL CA,19800301,276,-9999,914,362,130,-240,23,-62,-20
GHCND:CA006157012,RICHMOND HILL CA,19800401,306,-9999,1191,24,180,-75,115,17,66
GHCND:CA006157012,RICHMOND HILL CA,19800501,169,-9999,469,0,310,10,205,89,147
GHCND:CA006157012,RICHMOND HILL CA,19800601,170,-9999,871,0,315,10,207,95,151
GHCND:CA006157012,RICHMOND HILL CA,19800701,632,-9999,1393,0,315,105,262,155,208
GHCND:CA006157012,RICHMOND HILL CA,19800801,238,-9999,731,0,305,120,261,163,212
GHCND:CA006157012,RICHMOND HILL CA,19800901,180,-9999,612,0,260,-10,201,98,149
GHCND:CA006157012,RICHMOND HILL CA,19801001,276,0,812,2,245,-30,103,32,68
GHCND:CA006157012,RICHMOND HILL CA,19801101,80,70,394,130,135,-90,46,-22,12
GHCND:CA006157012,RICHMOND HILL CA,19801201,250,210,871,396,90,-300,-28,-118,-73
GHCND:CA006157012,RICHMOND HILL CA,19810101,78,350,278,278,70,-325,-63,-150,-107
GHCND:CA006157012,RICHMOND HILL CA,19810201,363,390,927,338,100,-250,16,-68,-26
GHCND:CA006157012,RICHMOND HILL CA,19810301,111,40,337,152,200,-150,49,-46,1
GHCND:CA006157012,RICHMOND HILL CA,19810401,158,0,408,4,225,-80,127,21,74
GHCND:CA006157012,RICHMOND HILL CA,19810501,222,0,730,0,270,-10,180,66,123
GHCND:CA006157012,RICHMOND HILL CA,19810601,190,0,758,0,325,45,235,125,180
GHCND:CA006157012,RICHMOND HILL CA,19810701,410,0,966,0,325,95,266,161,213
GHCND:CA006157012,RICHMOND HILL CA,19810801,312,0,1336,0,290,100,245,149,197
GHCND:CA006157012,RICHMOND HILL CA,19810901,278,0,896,0,265,10,184,109,147
GHCND:CA006157012,RICHMOND HILL CA,19811001,186,90,1128,184,170,-30,105,27,66
GHCND:CA006157012,RICHMOND HILL CA,19811101,164,20,612,64,165,-80,71,-7,32
GHCND:CA006157012,RICHMOND HILL CA,19811201,92,210,478,344,50,-180,-4,-64,-34
GHCND:CA006157012,RICHMOND HILL CA,19820101,120,340,656,530,60,-290,-58,-153,-106
GHCND:CA006157012,RICHMOND HILL CA,19820201,146,550,368,334,65,-205,-28,-108,-68
GHCND:CA006157012,RICHMOND HILL CA,19820301,134,560,744,354,165,-190,23,-66,-21
GHCND:CA006157012,RICHMOND HILL CA,19820401,154,40,616,104,225,-130,104,-9,47
GHCND:CA006157012,RICHMOND HILL CA,19820501,98,0,380,0,280,30,208,96,152
GHCND:CA006157012,RICHMOND HILL CA,19820601,342,0,1765,0,250,45,205,112,158
GHCND:CA006157012,RICHMOND HILL CA,19820701,244,0,654,0,315,95,268,155,211
GHCND:CA006157012,RICHMOND HILL CA,19820801,322,0,968,0,290,30,228,127,178
GHCND:CA006157012,RICHMOND HILL CA,19820901,312,0,934,0,290,30,198,103,150
GHCND:CA006157012,RICHMOND HILL CA,19821001,302,0,632,6,225,-20,149,47,98
GHCND:CA006157012,RICHMOND HILL CA,19821101,236,20,1202,36,170,-85,71,6,39
GHCND:CA006157012,RICHMOND HILL CA,19821201,174,240,956,314,200,-185,35,-37,-1
GHCND:CA006157012,RICHMOND HILL CA,19830101,236,50,472,166,60,-200,-10,-80,-45
GHCND:CA006157012,RICHMOND HILL CA,19830201,210,100,492,168,90,-205,3,-72,-34
GHCND:CA006157012,RICHMOND HILL CA,19830301,164,150,674,232,115,-160,46,-31,8
GHCND:CA006157012,RICHMOND HILL CA,19830401,246,40,974,70,245,-50,101,14,57
GHCND:CA006157012,RICHMOND HILL CA,19830501,216,0,1152,4,225,-15,155,54,104
GHCND:CA006157012,RICHMOND HILL CA,19830601,92,0,336,0,325,30,251,122,187
GHCND:CA006157012,RICHMOND HILL CA,19830701,142,0,506,0,340,85,283,168,225
GHCND:CA006157012,RICHMOND HILL CA,19830801,220,0,884,0,325,100,265,159,212
GHCND:CA006157012,RICHMOND HILL CA,19830901,314,0,628,0,335,30,226,111,168
GHCND:CA006157012,RICHMOND HILL CA,19831001,176,0,900,0,255,-55,134,46,90
GHCND:CA006157012,RICHMOND HILL CA,19831101,288,80,1165,314,165,-105,59,-9,25
GHCND:CA006157012,RICHMOND HILL CA,19831201,208,250,1018,550,40,-230,-34,-99,-66
GHCND:CA006157012,RICHMOND HILL CA,19840101,88,470,464,464,20,-270,-50,-136,-93
GHCND:CA006157012,RICHMOND HILL CA,19840201,376,470,914,464,145,-230,20,-59,-19
GHCND:CA006157012,RICHMOND HILL CA,19840301,192,340,769,332,100,-235,0,-92,-46
GHCND:CA006157012,RICHMOND HILL CA,19840401,190,0,615,34,255,-45,122,26,74
GHCND:CA006157012,RICHMOND HILL CA,19840501,226,0,1164,0,275,-10,155,56,106
GHCND:CA006157012,RICHMOND HILL CA,19840601,304,0,548,0,310,65,246,127,186
GHCND:CA006157012,RICHMOND HILL CA,19840701,206,0,716,0,315,75,260,143,201
GHCND:CA006157012,RICHMOND HILL CA,19840801,460,0,942,0,310,70,266,160,213
GHCND:CA006157012,RICHMOND HILL CA,19840901,250,0,1042,0,250,5,185,90,136
GHCND:CA006157012,RICHMOND HILL CA,19841001,138,0,342,0,220,-15,150,58,104
GHCND:CA006157012,RICHMOND HILL CA,19841101,246,0,816,8,185,-100,65,-17,24
GHCND:CA006157012,RICHMOND HILL CA,19841201,185,60,815,296,145,-150,30,-44,-7
GHCND:CA006157012,RICHMOND HILL CA,19850101,122,350,724,600,10,-225,-48,-124,-86
GHCND:CA006157012,RICHMOND HILL CA,19850201,338,520,1220,690,80,-205,-23,-97,-60
GHCND:CA006157012,RICHMOND HILL CA,19850301,183,400,737,272,175,-145,48,-52,-2
GHCND:CA006157012,RICHMOND HILL CA,19850401,162,80,526,156,300,-90,135,21,78
GHCND:CA006157012,RICHMOND HILL CA,19850501,236,0,794,0,270,-10,195,78,136
GHCND:CA006157012,RICHMOND HILL CA,19850601,502,0,781,0,275,50,215,102,158
GHCND:CA006157012,RICHMOND HILL CA,19850701,198,0,634,0,305,85,252,142,197
GHCND:CA006157012,RICHMOND HILL CA,19850801,444,0,1614,0,310,100,243,141,192
GHCND:CA006157012,RICHMOND HILL CA,19850901,150,0,726,0,295,45,219,116,167
GHCND:CA006157012,RICHMOND HILL CA,19851001,146,0,600,0,195,-40,141,51,96
GHCND:CA006157012,RICHMOND HILL CA,19851101,312,70,1534,126,180,-60,48,0,24
GHCND:CA006157012,RICHMOND HILL CA,19851201,108,170,486,342,105,-200,-21,-86,-54
GHCND:CA006157012,RICHMOND HILL CA,19860101,124,200,412,280,60,-245,-26,-103,-65
GHCND:CA006157012,RICHMOND HILL CA,19860201,126,210,422,264,30,-185,-34,-101,-67
GHCND:CA006157012,RICHMOND HILL CA,19860301,108,210,660,242,250,-205,57,-43,7
GHCND:CA006157012,RICHMOND HILL CA,19860401,114,30,431,46,255,-50,137,26,82
GHCND:CA006157012,RICHMOND HILL CA,19860501,250,0,730,0,310,-20,204,98,151
GHCND:CA006157012,RICHMOND HILL CA,19860601,394,0,1310,0,295,45,225,114,169
GHCND:CA006157012,RICHMOND HILL CA,19860701,222,0,833,0,325,91,258,161,210
GHCND:CA006157012,RICHMOND HILL CA,19860801,934,-9999,2634,0,290,35,235,130,183
GHCND:CA006157012,RICHMOND HILL CA,19860901,878,0,2278,0,250,15,189,102,146
GHCND:CA006157012,RICHMOND HILL CA,19861001,108,0,528,0,200,-35,130,43,86
GHCND:CA006157012,RICHMOND HILL CA,19861101,172,160,430,206,165,-110,51,-29,11
GHCND:CA006157012,RICHMOND HILL CA,19861201,166,120,708,248,30,-180,7,-44,-19
GHCND:CA006157012,RICHMOND HILL CA,19870101,86,380,634,582,55,-200,-16,-86,-51
GHCND:CA006157012,RICHMOND HILL CA,19870201,94,400,304,212,45,-255,-7,-112,-59
GHCND:CA006157012,RICHMOND HILL CA,19870301,228,300,684,286,170,-165,68,-36,16
GHCND:CA006157012,RICHMOND HILL CA,19870401,98,180,468,82,285,-80,147,39,94
GHCND:CA006157012,RICHMOND HILL CA,19870501,186,0,421,0,325,5,210,87,148
GHCND:CA006157012,RICHMOND HILL CA,19870601,174,0,866,0,325,50,252,136,194
GHCND:CA006157012,RICHMOND HILL CA,19870701,470,0,984,0,330,100,278,174,226
GHCND:CA006157012,RICHMOND HILL CA,19870801,208,-9999,614,0,330,90,251,144,197
GHCND:CA006157012,RICHMOND HILL CA,19870901,194,0,848,0,265,35,203,111,157
GHCND:CA006157012,RICHMOND HILL CA,19871001,116,0,544,0,190,-40,118,24,71
GHCND:CA006157012,RICHMOND HILL CA,19871101,378,60,988,256,205,-155,68,-13,27
GHCND:CA006157012,RICHMOND HILL CA,19871201,226,140,722,406,115,-175,20,-40,-10
GHCND:CA006157012,RICHMOND HILL CA,19880101,80,50,341,132,140,-250,-11,-101,-56
GHCND:CA006157012,RICHMOND HILL CA,19880201,146,250,730,630,70,-235,-19,-115,-67
GHCND:CA006157012,RICHMOND HILL CA,19880301,114,160,322,82,180,-195,41,-60,-10
GHCND:CA006157012,RICHMOND HILL CA,19880401,180,0,632,8,185,-40,111,15,63
GHCND:CA006157012,RICHMOND HILL CA,19880501,200,0,468,0,315,15,209,85,147
GHCND:CA006157012,RICHMOND HILL CA,19880601,208,0,394,0,345,55,247,120,183
GHCND:CA006157012,RICHMOND HILL CA,19880701,88,-9999,426,0,370,95,298,171,235
GHCND:CA006157012,RICHMOND HILL CA,19880801,132,0,392,0,355,75,274,161,218
GHCND:CA006157012,RICHMOND HILL CA,19880901,414,-9999,1000,0,285,45,207,98,152
GHCND:CA006157012,RICHMOND HILL CA,19881001,184,0,842,6,260,-65,108,27,67
GHCND:CA006157012,RICHMOND HILL CA,19881101,156,0,639,4,155,-45,76,10,43
GHCND:CA006157012,RICHMOND HILL CA,19881201,116,70,414,222,105,-210,4,-77,-36
GHCND:CA006157012,RICHMOND HILL CA,19890101,106,80,378,150,105,-235,16,-73,-29
GHCND:CA006157012,RICHMOND HILL CA,19890201,64,120,268,250,55,-210,-27,-103,-65
GHCND:CA006157012,RICHMOND HILL CA,19890301,174,140,382,228,210,-215,21,-70,-24
GHCND:CA006157012,RICHMOND HILL CA,19890401,78,20,358,36,195,-65,101,-2,50
GHCND:CA006157012,RICHMOND HILL CA,19890501,160,0,1064,0,290,0,189,79,134
GHCND:CA006157012,RICHMOND HILL CA,19890601,334,0,1030,0,305,70,238,140,189
GHCND:CA006157012,RICHMOND HILL CA,19890701,330,-9999,504,0,330,105,280,161,221
GHCND:CA006157012,RICHMOND HILL CA,19890801,550,0,1274,0,320,70,249,145,197
GHCND:CA006157012,RICHMOND HILL CA,19890901,238,0,612,0,285,-15,207,106,157
GHCND:CA006157012,RICHMOND HILL CA,19891001,204,-9999,906,6,245,-15,148,46,97
GHCND:CA006157012,RICHMOND HILL CA,19891101,306,50,1088,122,165,-145,52,-25,14
GHCND:CA006157012,RICHMOND HILL CA,19891201,126,280,524,502,35,-260,-61,-147,-104
GHCND:CA006157012,RICHMOND HILL CA,19900101,88,190,528,256,90,-155,20,-55,-17
GHCND:CA006157012,RICHMOND HILL CA,19900201,320,150,890,390,105,-230,1,-83,-41
GHCND:CA006157012,RICHMOND HILL CA,19900301,246,110,598,166,215,-155,52,-39,7
GHCND:CA006157012,RICHMOND HILL CA,19900401,192,30,676,138,310,-60,137,32,84
GHCND:CA006157012,RICHMOND HILL CA,19900501,144,-9999,734,0,255,-5,174,66,120
GHCND:CA006157012,RICHMOND HILL CA,19900601,240,0,1136,0,310,55,239,133,186
GHCND:CA006157012,RICHMOND HILL CA,19900701,146,0,600,0,340,110,262,156,209
GHCND:CA006157012,RICHMOND HILL CA,19900801,540,0,1162,0,300,105,256,152,204
GHCND:CA006157012,RICHMOND HILL CA,19900901,200,0,656,0,290,30,200,107,153
GHCND:CA006157012,RICHMOND HILL CA,19901001,316,0,1230,2,255,-40,138,46,92
GHCND:CA006157012,RICHMOND HILL CA,19901101,214,80,640,134,215,-70,87,-5,41
GHCND:CA006157012,RICHMOND HILL CA,19901201,332,160,1182,394,115,-165,19,-57,-19
GHCND:CA006157012,RICHMOND HILL CA,19910101,148,190,466,356,60,-210,-25,-104,-64
GHCND:CA006157012,RICHMOND HILL CA,19910201,102,160,356,310,105,-225,13,-73,-30
GHCND:CA006157012,RICHMOND HILL CA,19910301,264,60,1118,108,170,-125,54,-33,10
GHCND:CA006157012,RICHMOND HILL CA,19910401,292,20,1224,46,275,-65,136,37,87
GHCND:CA006157012,RICHMOND HILL CA,19910501,116,0,738,0,305,5,227,107,167
GHCND:CA006157012,RICHMOND HILL CA,19910601,146,0,278,0,330,55,267,143,205
GHCND:CA006157012,RICHMOND HILL CA,19910701,208,0,985,0,345,105,275,160,217
GHCND:CA006157012,RICHMOND HILL CA,19910801,136,0,442,0,340,110,269,163,216
GHCND:CA006157012,RICHMOND HILL CA,19910901,104,0,422,0,315,-5,209,97,153
GHCND:CA006157012,RICHMOND HILL CA,19911001,142,0,656,0,250,-30,151,55,103
GHCND:CA006157012,RICHMOND HILL CA,19911101,144,140,658,158,175,-100,57,-14,21
GHCND:CA006157012,RICHMOND HILL CA,19911201,154,200,596,400,120,-200,12,-68,-28
GHCND:CA006157012,RICHMOND HILL CA,19920101,156,190,540,298,60,-255,-14,-86,-50
GHCND:CA006157012,RICHMOND HILL CA,19920201,182,220,582,216,50,-225,-3,-85,-44
GHCND:CA006157012,RICHMOND HILL CA,19920301,78,150,398,148,120,-170,31,-65,-17
GHCND:CA006157012,RICHMOND HILL CA,19920401,314,20,1096,38,190,-70,102,10,56
GHCND:CA006157012,RICHMOND HILL CA,19920601,92,0,416,0,300,45,225,109,167
GHCND:CA006157012,RICHMOND HILL CA,19920701,240,0,1402,0,270,75,225,129,177
GHCND:CA006157012,RICHMOND HILL CA,19920801,516,0,1298,0,295,80,230,128,179
GHCND:CA006157012,RICHMOND HILL CA,19920901,398,0,1136,0,275,10,200,100,150
GHCND:CA006157012,RICHMOND HILL CA,19921001,154,0,664,92,245,-55,123,24,74
GHCND:CA006157012,RICHMOND HILL CA,19921101,330,120,1314,174,140,-80,54,-5,25
GHCND:CA006157012,RICHMOND HILL CA,19921201,404,450,924,708,80,-165,12,-53,-20
GHCND:CA006157012,RICHMOND HILL CA,19930101,216,190,864,362,105,-160,-7,-79,-43
GHCND:CA006157012,RICHMOND HILL CA,19930201,180,330,424,424,50,-230,-38,-134,-86
GHCND:CA006157012,RICHMOND HILL CA,19930301,110,340,456,352,170,-195,29,-64,-18
GHCND:CA006157012,RICHMOND HILL CA,19930401,142,10,746,16,200,-30,120,18,69
GHCND:CA006157012,RICHMOND HILL CA,19930501,172,0,530,0,300,-5,187,67,127
GHCND:CA006157012,RICHMOND HILL CA,19930601,246,0,1338,0,285,50,228,118,173
GHCND:CA006157012,RICHMOND HILL CA,19930701,208,0,602,0,320,120,270,163,216
GHCND:CA006157012,RICHMOND HILL CA,19930801,192,0,477,0,335,90,270,157,213
GHCND:CA006157012,RICHMOND HILL CA,19930901,150,0,578,0,290,-5,187,90,139
GHCND:CA006157012,RICHMOND HILL CA,19931001,248,0,754,4,260,-40,126,27,76
GHCND:CA006157012,RICHMOND HILL CA,19931101,418,20,704,34,145,-120,61,-14,23
GHCND:CA006157012,RICHMOND HILL CA,19931201,60,40,326,118,100,-235,6,-68,-31
GHCND:CA006157012,RICHMOND HILL CA,19940101,208,300,840,564,35,-310,-80,-171,-126
GHCND:CA006157012,RICHMOND HILL CA,19940201,50,330,190,188,125,-240,-37,-131,-84
GHCND:CA006157012,RICHMOND HILL CA,19940301,144,180,500,344,155,-130,36,-53,-9
GHCND:CA006157012,RICHMOND HILL CA,19940401,138,120,960,176,255,-60,132,15,73
GHCND:CA006157012,RICHMOND HILL CA,19940501,244,0,796,0,305,-15,176,60,118
GHCND:CA006157012,RICHMOND HILL CA,19940601,152,0,458,0,350,50,250,135,193
GHCND:CA006157012,RICHMOND HILL CA,19940701,414,0,1230,0,320,110,270,161,215
GHCND:CA006157012,RICHMOND HILL CA,19940801,82,0,242,0,295,90,241,138,189
GHCND:CA006157012,RICHMOND HILL CA,19940901,142,0,630,0,290,50,212,110,161
GHCND:CA006157012,RICHMOND HILL CA,19941001,128,0,376,0,225,-15,152,47,99
GHCND:CA006157012,RICHMOND HILL CA,19941101,128,30,764,102,170,-105,90,11,50
GHCND:CA006157012,RICHMOND HILL CA,19941201,156,190,604,302,105,-200,29,-43,-7
GHCND:CA006157012,RICHMOND HILL CA,19950101,328,160,1264,284,120,-175,-5,-67,-36
GHCND:CA006157012,RICHMOND HILL CA,19950201,70,110,252,178,75,-245,-36,-125,-80
GHCND:CA006157012,RICHMOND HILL CA,19950301,242,90,464,138,220,-155,75,-37,19
GHCND:CA006157012,RICHMOND HILL CA,19950401,274,20,766,36,160,-100,85,-6,39
GHCND:CA006157012,RICHMOND HILL CA,19950501,212,0,860,0,275,25,192,77,135
GHCND:CA006157012,RICHMOND HILL CA,19950601,306,0,740,0,350,75,259,146,202
GHCND:CA006157012,RICHMOND HILL CA,19950701,676,0,1450,0,355,75,270,165,217
GHCND:CA006157012,RICHMOND HILL CA,19950801,276,0,814,0,330,80,271,167,219
GHCND:CA006157012,RICHMOND HILL CA,19950901,130,0,464,0,285,30,195,84,140
GHCND:CA006157012,RICHMOND HILL CA,19951001,540,0,1388,0,270,-10,147,62,105
GHCND:CA006157012,RICHMOND HILL CA,19951101,330,140,1476,480,180,-110,32,-27,2
GHCND:CA006157012,RICHMOND HILL CA,19951201,92,210,450,362,40,-175,-22,-89,-55
GHCND:CA006157012,RICHMOND HILL CA,19960101,218,250,766,200,105,-230,-28,-116,-72
GHCND:CA006157012,RICHMOND HILL CA,19960201,106,100,456,154,90,-230,-19,-100,-59
GHCND:CA006157012,RICHMOND HILL CA,19960301,122,180,456,420,145,-190,25,-75,-25
GHCND:CA006157012,RICHMOND HILL CA,19960401,190,80,1006,152,210,-65,88,-2,43
GHCND:CA006157012,RICHMOND HILL CA,19960501,430,0,990,0,295,-15,178,63,121
GHCND:CA006157012,RICHMOND HILL CA,19960601,248,0,1100,0,310,80,232,144,188
GHCND:CA006157012,RICHMOND HILL CA,19960701,484,0,2104,0,295,100,248,149,199
GHCND:CA006157012,RICHMOND HILL CA,19960801,116,0,374,0,310,110,263,153,208
GHCND:CA006157012,RICHMOND HILL CA,19960901,640,0,1718,0,285,25,206,119,163
GHCND:CA006157012,RICHMOND HILL CA,19961001,234,0,666,0,235,-30,130,47,88
GHCND:CA006157012,RICHMOND HILL CA,19961101,154,40,412,124,175,-105,41,-27,7
GHCND:CA006157012,RICHMOND HILL CA,19961201,210,140,1084,384,110,-140,18,-33,-7
GHCND:CA006157012,RICHMOND HILL CA,19970101,118,190,730,532,85,-260,-27,-114,-70
GHCND:CA006157012,RICHMOND HILL CA,19970201,194,290,876,252,100,-210,7,-83,-38
GHCND:CA006157012,RICHMOND HILL CA,19970301,168,220,814,500,150,-145,25,-58,-16
GHCND:CA006157012,RICHMOND HILL CA,19970401,86,20,298,106,235,-110,112,5,58
GHCND:CA006157012,RICHMOND HILL CA,19970501,238,0,742,0,225,-15,150,45,97
GHCND:CA006157012,RICHMOND HILL CA,19970601,220,0,688,0,305,80,261,141,201
GHCND:CA006157012,RICHMOND HILL CA,19970701,182,0,662,0,330,85,261,150,206
GHCND:CA006157012,RICHMOND HILL CA,19970801,240,0,684,0,305,95,237,136,186
GHCND:CA006157012,RICHMOND HILL CA,19970901,118,0,608,0,275,10,204,105,154
GHCND:CA006157012,RICHMOND HILL CA,19971001,286,30,482,76,255,-25,140,44,92
GHCND:CA006157012,RICHMOND HILL CA,19971101,208,130,538,178,130,-85,52,-13,19
GHCND:CA006157012,RICHMOND HILL CA,19971201,92,80,372,206,100,-190,17,-44,-13
GHCND:CA006157012,RICHMOND HILL CA,19980101,206,160,856,274,100,-175,0,-63,-31
GHCND:CA006157012,RICHMOND HILL CA,19980201,314,150,556,52,95,-145,32,-44,-6
GHCND:CA006157012,RICHMOND HILL CA,19980301,184,200,1062,382,255,-160,60,-24,18
GHCND:CA006157012,RICHMOND HILL CA,19980401,392,0,606,0,220,-25,147,29,88
GHCND:CA006157012,RICHMOND HILL CA,19980501,296,0,610,0,300,55,228,120,174
GHCND:CA006157012,RICHMOND HILL CA,19980601,165,0,685,0,315,30,241,133,187
GHCND:CA006157012,RICHMOND HILL CA,19980701,228,0,432,0,335,115,266,160,213
GHCND:CA006157012,RICHMOND HILL CA,19980801,340,0,850,0,310,90,268,162,215
GHCND:CA006157012,RICHMOND HILL CA,19980901,110,0,508,0,315,30,234,121,178
GHCND:CA006157012,RICHMOND HILL CA,19981001,208,0,267,0,220,-10,153,56,104
GHCND:CA006157012,RICHMOND HILL CA,19981101,144,20,426,96,180,-65,77,6,41
GHCND:CA006157012,RICHMOND HILL CA,19981201,376,50,674,122,160,-195,41,-43,-1
GHCND:CA006157012,RICHMOND HILL CA,19990101,224,520,1038,724,80,-265,-28,-108,-68
GHCND:CA006157012,RICHMOND HILL CA,19990201,102,220,330,54,115,-175,20,-63,-21
GHCND:CA006157012,RICHMOND HILL CA,19990301,70,220,232,230,210,-180,47,-50,-2
GHCND:CA006157012,RICHMOND HILL CA,19990401,186,0,474,6,220,-20,134,27,81
GHCND:CA006157012,RICHMOND HILL CA,19990501,190,0,694,0,320,20,217,92,155
GHCND:CA006157012,RICHMOND HILL CA,19990601,496,0,924,0,325,70,254,145,200
GHCND:CA006157012,RICHMOND HILL CA,19990701,270,0,666,0,340,115,288,173,231
GHCND:CA006157012,RICHMOND HILL CA,19990801,176,0,622,0,310,85,245,145,195
GHCND:CA006157012,RICHMOND HILL CA,19990901,526,0,1234,0,320,20,227,120,173
GHCND:CA006157012,RICHMOND HILL CA,19991001,516,0,848,10,220,-30,135,41,88
GHCND:CA006157012,RICHMOND HILL CA,19991101,500,50,862,70,220,-70,88,9,49
GHCND:CA006157012,RICHMOND HILL CA,19991201,86,30,294,94,130,-160,26,-52,-13
GHCND:CA006157012,RICHMOND HILL CA,20000101,88,90,332,184,110,-240,-18,-109,-64
GHCND:CA006157012,RICHMOND HILL CA,20000201,94,320,528,428,145,-195,12,-75,-31
GHCND:CA006157012,RICHMOND HILL CA,20000301,76,80,368,128,230,-85,90,-11,40
GHCND:CA006157012,RICHMOND HILL CA,20000401,394,60,940,158,240,-60,112,16,64
GHCND:CA006157012,RICHMOND HILL CA,20000501,636,0,1534,0,300,10,194,89,142
GHCND:CA006157012,RICHMOND HILL CA,20000601,434,0,1621,0,315,70,232,126,179
GHCND:CA006157012,RICHMOND HILL CA,20000701,304,0,1020,0,280,90,244,148,196
GHCND:CA006157012,RICHMOND HILL CA,20000801,512,0,1200,0,295,70,248,147,198
GHCND:CA006157012,RICHMOND HILL CA,20000901,280,0,800,0,300,0,201,99,150
GHCND:CA006157012,RICHMOND HILL CA,20001001,50,0,200,0,230,-15,155,56,106
GHCND:CA006157012,RICHMOND HILL CA,20001101,212,50,586,78,205,-140,65,-5,30
GHCND:CA006157012,RICHMOND HILL CA,20001201,282,420,974,860,50,-200,-36,-115,-75
GHCND:CA006157012,RICHMOND HILL CA,20010101,98,400,414,280,55,-215,-9,-80,-45
GHCND:CA006157012,RICHMOND HILL CA,20010201,292,490,792,470,130,-170,-5,-82,-43
GHCND:CA006157012,RICHMOND HILL CA,20010301,202,540,484,370,95,-135,28,-47,-10
GHCND:CA006157012,RICHMOND HILL CA,20010401,94,80,378,0,265,-45,136,23,79
GHCND:CA006157012,RICHMOND HILL CA,20010501,380,0,972,0,300,15,200,90,145
GHCND:CA006157012,RICHMOND HILL CA,20010601,234,0,872,0,320,65,250,139,194
GHCND:CA006157012,RICHMOND HILL CA,20010701,202,0,392,0,320,65,252,149,200
GHCND:CA006157012,RICHMOND HILL CA,20010801,311,0,564,0,365,115,282,166,223
GHCND:CA006157012,RICHMOND HILL CA,20010901,190,0,530,0,305,35,212,106,159
GHCND:CA006157012,RICHMOND HILL CA,20011001,234,0,1018,0,265,-30,142,55,99
GHCND:CA006157012,RICHMOND HILL CA,20011101,230,0,941,8,190,-30,106,26,66
GHCND:CA006157012,RICHMOND HILL CA,20011201,100,90,471,126,175,-95,41,-24,9
GHCND:CA006157012,RICHMOND HILL CA,20020101,156,120,486,438,105,-150,20,-45,-12
GHCND:CA006157012,RICHMOND HILL CA,20020201,130,170,448,122,135,-175,21,-72,-26
GHCND:CA006157012,RICHMOND HILL CA,20020301,164,130,706,320,185,-130,44,-47,-1
GHCND:CA006157012,RICHMOND HILL CA,20020401,172,50,914,232,300,-85,117,24,70
GHCND:CA006157012,RICHMOND HILL CA,20020501,256,0,1010,0,280,-15,164,53,109
GHCND:CA006157012,RICHMOND HILL CA,20020601,110,0,452,0,320,55,242,134,188
GHCND:CA006157012,RICHMOND HILL CA,20020701,658,0,1252,0,345,105,290,176,233
GHCND:CA006157012,RICHMOND HILL CA,20020801,192,0,320,0,340,110,270,160,215
GHCND:CA006157012,RICHMOND HILL CA,20020901,412,0,968,0,340,65,250,134,192
GHCND:CA006157012,RICHMOND HILL CA,20021001,102,0,458,0,290,-45,121,44,82
GHCND:CA006157012,RICHMOND HILL CA,20021101,262,150,712,380,160,-80,55,-13,21
GHCND:CA006157012,RICHMOND HILL CA,20021201,76,80,284,198,75,-190,6,-62,-29
GHCND:CA006157012,RICHMOND HILL CA,20030101,102,230,512,512,45,-250,-49,-132,-91
GHCND:CA006157012,RICHMOND HILL CA,20030201,226,350,512,358,70,-245,-30,-124,-77
GHCND:CA006157012,RICHMOND HILL CA,20030301,124,470,584,304,190,-270,43,-63,-10
GHCND:CA006157012,RICHMOND HILL CA,20030401,216,80,610,112,280,-115,105,-5,50
GHCND:CA006157012,RICHMOND HILL CA,20030501,302,0,1258,0,240,15,174,73,124
GHCND:CA006157012,RICHMOND HILL CA,20030601,323,0,835,0,340,50,240,130,185
GHCND:CA006157012,RICHMOND HILL CA,20030701,90,0,518,0,315,110,264,156,210
GHCND:CA006157012,RICHMOND HILL CA,20030801,278,0,772,0,320,95,266,165,215
GHCND:CA006157012,RICHMOND HILL CA,20030901,336,0,1154,0,285,25,215,112,164
GHCND:CA006157012,RICHMOND HILL CA,20031001,206,0,640,0,270,-15,134,37,86
GHCND:CA006157012,RICHMOND HILL CA,20031101,318,90,1384,178,140,-75,76,5,41
GHCND:CA006157012,RICHMOND HILL CA,20031201,182,70,648,180,100,-125,26,-45,-9
GHCND:CA006157012,RICHMOND HILL CA,20040101,74,300,634,586,120,-255,-60,-144,-104
GHCND:CA006157012,RICHMOND HILL CA,20040201,72,380,346,308,115,-215,9,-87,-39
GHCND:CA006157012,RICHMOND HILL CA,20040301,120,270,700,148,175,-115,55,-23,16
GHCND:CA006157012,RICHMOND HILL CA,20040401,98,20,694,64,250,-85,121,15,68
GHCND:CA006157012,RICHMOND HILL CA,20040501,232,0,954,0,300,-20,189,78,135
GHCND:CA006157012,RICHMOND HILL CA,20040601,114,0,456,0,320,60,233,114,174
GHCND:CA006157012,RICHMOND HILL CA,20040701,272,0,1116,0,305,105,254,157,205
GHCND:CA006157012,RICHMOND HILL CA,20040801,250,0,874,0,285,70,237,140,189
GHCND:CA006157012,RICHMOND HILL CA,20040901,176,0,240,0,295,45,239,122,180
GHCND:CA006157012,RICHMOND HILL CA,20041001,68,0,244,0,270,10,145,61,103
GHCND:CA006157012,RICHMOND HILL CA,20041101,142,20,740,30,145,-60,85,6,45
GHCND:CA006157012,RICHMOND HILL CA,20041201,170,240,912,470,100,-270,-1,-76,-39
GHCND:CA006157012,RICHMOND HILL CA,20050101,148,240,730,450,145,-255,-31,-116,-74
GHCND:CA006157012,RICHMOND HILL CA,20050201,160,250,740,388,75,-160,7,-84,-38
GHCND:CA006157012,RICHMOND HILL CA,20050301,52,300,316,244,150,-160,36,-62,-13
GHCND:CA006157012,RICHMOND HILL CA,20050401,258,80,1030,146,280,-15,135,23,79
GHCND:CA006157012,RICHMOND HILL CA,20050501,120,0,276,28,260,-15,179,57,118
GHCND:CA006157012,RICHMOND HILL CA,20050601,273,0,597,0,340,85,280,166,223
GHCND:CA006157012,RICHMOND HILL CA,20050701,66,0,272,0,360,105,295,181,238
GHCND:CA006157012,RICHMOND HILL CA,20050801,736,0,1328,0,340,120,274,166,220
GHCND:CA006157012,RICHMOND HILL CA,20050901,388,0,1182,0,315,55,240,129,184
GHCND:CA006157012,RICHMOND HILL CA,20051001,176,0,384,0,270,-10,150,67,109
GHCND:CA006157012,RICHMOND HILL CA,20051101,288,120,1192,208,200,-140,83,3,43
GHCND:CA006157012,RICHMOND HILL CA,20051201,170,220,656,480,45,-170,-11,-65,-38
GHCND:CA006157012,RICHMOND HILL CA,20060101,264,100,834,158,100,-155,27,-44,-9
GHCND:CA006157012,RICHMOND HILL CA,20060201,243,190,1157,590,70,-170,-8,-86,-47
GHCND:CA006157012,RICHMOND HILL CA,20060301,104,180,555,30,205,-125,58,-41,9
GHCND:CA006157012,RICHMOND HILL CA,20060401,348,0,770,8,250,-50,142,25,83
GHCND:CA006157012,RICHMOND HILL CA,20060501,284,0,802,0,345,-10,205,83,144
GHCND:CA006157012,RICHMOND HILL CA,20060601,172,0,474,0,335,70,248,141,195
GHCND:CA006157012,RICHMOND HILL CA,20060701,292,0,775,0,355,110,288,176,232
GHCND:CA006157012,RICHMOND HILL CA,20060801,182,0,508,0,370,95,265,157,211
GHCND:CA006157012,RICHMOND HILL CA,20060901,176,0,1192,0,275,35,195,110,152
GHCND:CA006157012,RICHMOND HILL CA,20061001,322,0,1276,0,260,-25,130,41,86
GHCND:CA006157012,RICHMOND HILL CA,20061101,274,0,854,0,150,-55,86,11,49
GHCND:CA006157012,RICHMOND HILL CA,20061201,212,20,610,64,135,-150,46,-21,13
GHCND:CA006157012,RICHMOND HILL CA,20110101,94,220,570,466,110,-225,-36,-109,-72
GHCND:CA006157012,RICHMOND HILL CA,20110201,142,370,668,512,95,-180,-12,-98,-55
GHCND:CA006157012,RICHMOND HILL CA,20110301,239,170,1063,272,140,-155,33,-51,-9
GHCND:CA006157012,RICHMOND HILL CA,20110401,140,20,884,48,230,-35,124,21,72
GHCND:CA006157012,RICHMOND HILL CA,20110501,290,0,1166,0,330,30,192,96,144
GHCND:CA006157012,RICHMOND HILL CA,20110601,282,0,1258,0,335,75,243,142,192
GHCND:CA006157012,RICHMOND HILL CA,20110701,142,0,364,0,365,140,300,183,241
GHCND:CA006157012,RICHMOND HILL CA,20110801,214,0,893,0,310,115,269,163,216
GHCND:CA006157012,RICHMOND HILL CA,20110901,288,0,965,0,305,50,222,129,175
GHCND:CA006157012,RICHMOND HILL CA,20111101,382,0,934,20,185,-45,103,22,62
GHCND:CA006157012,RICHMOND HILL CA,20111201,122,90,588,240,125,-155,32,-39,-3
GHCND:CA006157012,RICHMOND HILL CA,20120101,102,80,586,232,100,-180,9,-60,-26
GHCND:CA006157012,RICHMOND HILL CA,20120201,114,90,476,376,80,-140,25,-48,-12
GHCND:CA006157012,RICHMOND HILL CA,20120301,64,70,254,38,275,-155,125,9,67
GHCND:CA006157012,RICHMOND HILL CA,20120401,160,0,522,54,250,-30,125,16,71
GHCND:CA006157012,RICHMOND HILL CA,20120501,234,0,450,0,330,40,229,105,167
GHCND:CA006157012,RICHMOND HILL CA,20120601,306,0,884,0,340,90,260,148,204
GHCND:CA006157012,RICHMOND HILL CA,20120701,494,0,1653,0,355,130,296,179,238
GHCND:CA006157012,RICHMOND HILL CA,20120801,244,0,820,0,330,100,267,158,212
GHCND:CA006157012,RICHMOND HILL CA,20120901,470,0,1520,0,295,30,217,106,161
GHCND:CA006157012,RICHMOND HILL CA,20121001,154,0,1201,0,235,-25,138,61,99
GHCND:CA006157012,RICHMOND HILL CA,20121101,96,0,156,6,180,-70,70,-6,32
GHCND:CA006157012,RICHMOND HILL CA,20121201,116,120,719,230,145,-105,31,-33,-1
GHCND:CA006157012,RICHMOND HILL CA,20130101,190,140,682,188,130,-215,4,-70,-33
GHCND:CA006157012,RICHMOND HILL CA,20130201,216,350,976,814,60,-190,-13,-87,-50
GHCND:CA006157012,RICHMOND HILL CA,20130301,112,280,322,154,130,-110,39,-42,-1
GHCND:CA006157012,RICHMOND HILL CA,20130401,178,20,994,70,235,-70,110,10,60
GHCND:CA006157012,RICHMOND HILL CA,20130501,358,0,860,4,305,5,218,89,153
GHCND:CA006157012,RICHMOND HILL CA,20130601,450,0,1434,0,325,60,235,139,187
GHCND:CA006157012,RICHMOND HILL CA,20130701,544,0,1694,0,345,115,270,170,220
GHCND:CA006157012,RICHMOND HILL CA,20130801,468,0,996,0,310,105,263,151,207
GHCND:CA006157012,RICHMOND HILL CA,20130901,294,0,950,0,340,35,210,107,158
GHCND:CA006157012,RICHMOND HILL CA,20131001,122,0,976,0,250,-35,151,63,107
GHCND:CA006157012,RICHMOND HILL CA,20131101,110,40,436,104,150,-145,58,-22,18
GHCND:CA006157012,RICHMOND HILL CA,20131201,240,210,806,406,150,-195,-18,-80,-49
GHCND:CA006157012,RICHMOND HILL CA,20140101,146,380,656,488,65,-260,-53,-135,-94
GHCND:CA006157012,RICHMOND HILL CA,20140201,182,530,686,530,75,-220,-36,-123,-80
